piece,cavity_00,cavity_01,cavity_02,cavity_03
rectangle,0.108913,0.707530,0.416038,0.486221
square,0.170404,0.675383,0.662315,0.855163
circle,0.275026,0.592434,0.837246,0.757264
star,0.662863,0.445745,0.562182,0.512919
