{
  "cavity_id": 3,
  "area_px": 855,
  "centroid_px": {
    "x": 383.1906432748538,
    "y": 324.4011695906433
  },
  "bbox_px": {
    "x": 335,
    "y": 279,
    "w": 74,
    "h": 66
  },
  "centroid_world_m": {
    "x": 0.3480594462719299,
    "y": -0.0641910457785088
  },
  "board_surface_depth_m": 0.3245000000000002,
  "point_count": 2048,
  "xy_span_m": {
    "x": 0.05551992356777191,
    "y": 0.04943554848432541
  },
  "z_depth_range_m": {
    "min": 0.0030089858919382095,
    "max": 0.029906952753663063
  },
  "pointcloud_bounds_m": {
    "x_min": -0.03665124252438545,
    "x_max": 0.01886867918074131,
    "y_min": -0.014905828982591629,
    "y_max": 0.03452971950173378,
    "z_min": 0.0030089858919382095,
    "z_max": 0.029906952753663063
  },
  "files": {
    "footprint": "cavity_footprint.png",
    "mask": "cavity_mask.png",
    "pointcloud": "cavity_pointcloud.npy",
    "debug": "cavity_debug.png"
  }
}