{
  "cavity_id": 3,
  "cavity_detection_mode": "opening_from_board_region",
  "footprint_source": "opening_from_board_region",
  "xy_projection_depth_mode": "board_surface_depth",
  "depth_band_mask_area_px": 0,
  "opening_mask_area_px": 3121,
  "area_px": 3121,
  "centroid_px": {
    "x": 361.7926946491509,
    "y": 295.87952579301503
  },
  "bbox_px": {
    "x": 329,
    "y": 265,
    "w": 65,
    "h": 62
  },
  "centroid_world_m": {
    "x": 0.33178530331324096,
    "y": -0.04249899871835952
  },
  "board_surface_depth_m": 0.3245000000000002,
  "point_count": 2048,
  "xy_span_m": {
    "x": 0.04867500066757202,
    "y": 0.04639335721731186
  },
  "z_depth_range_m": {
    "min": 0.07100116461515427,
    "max": 0.07550009340047836
  },
  "pointcloud_bounds_m": {
    "x_min": -0.024940380826592445,
    "x_max": 0.023734617978334427,
    "y_min": -0.022908031940460205,
    "y_max": 0.023485327139496803,
    "z_min": 0.07100116461515427,
    "z_max": 0.07550009340047836
  },
  "files": {
    "footprint": "cavity_footprint.png",
    "mask": "cavity_mask.png",
    "pointcloud": "cavity_pointcloud.npy",
    "debug": "cavity_debug.png"
  }
}