{
  "cavity_id": 0,
  "area_px": 114,
  "centroid_px": {
    "x": 298.07894736842104,
    "y": 216.78947368421052
  },
  "bbox_px": {
    "x": 292,
    "y": 210,
    "w": 13,
    "h": 14
  },
  "centroid_world_m": {
    "x": 0.26850225123355265,
    "y": 0.01952993489093708
  },
  "board_surface_depth_m": 0.3795000000000002,
  "point_count": 2048,
  "xy_span_m": {
    "x": 0.010673437267541885,
    "y": 0.010770508088171482
  },
  "z_depth_range_m": {
    "min": 0.000499965448398143,
    "max": 0.020500095561146736
  },
  "pointcloud_bounds_m": {
    "x_min": -0.005406938958913088,
    "x_max": 0.005266498774290085,
    "y_min": -0.005145424976944923,
    "y_max": 0.005625083111226559,
    "z_min": 0.000499965448398143,
    "z_max": 0.020500095561146736
  },
  "files": {
    "footprint": "cavity_footprint.png",
    "mask": "cavity_mask.png",
    "pointcloud": "cavity_pointcloud.npy",
    "debug": "cavity_debug.png"
  }
}