{
  "cavity_id": 0,
  "cavity_detection_mode": "opening_from_board_region",
  "footprint_source": "opening_from_board_region",
  "xy_projection_depth_mode": "board_surface_depth",
  "depth_band_mask_area_px": 0,
  "opening_mask_area_px": 4260,
  "area_px": 4260,
  "centroid_px": {
    "x": 278.5,
    "y": 198.5
  },
  "bbox_px": {
    "x": 253,
    "y": 158,
    "w": 52,
    "h": 82
  },
  "centroid_world_m": {
    "x": 0.2684373046875,
    "y": 0.03156269531250002
  },
  "board_surface_depth_m": 0.3245000000000002,
  "point_count": 2048,
  "xy_span_m": {
    "x": 0.03878789022564888,
    "y": 0.061604298651218414
  },
  "z_depth_range_m": {
    "min": 0.0733732208609581,
    "max": 0.07550009340047836
  },
  "pointcloud_bounds_m": {
    "x_min": -0.01939394511282444,
    "x_max": 0.01939394511282444,
    "y_min": -0.030802149325609207,
    "y_max": 0.030802149325609207,
    "z_min": 0.0733732208609581,
    "z_max": 0.07550009340047836
  },
  "files": {
    "footprint": "cavity_footprint.png",
    "mask": "cavity_mask.png",
    "pointcloud": "cavity_pointcloud.npy",
    "debug": "cavity_debug.png"
  }
}