{
  "cavity_id": 0,
  "area_px": 1074,
  "centroid_px": {
    "x": 256.2486033519553,
    "y": 169.66480446927375
  },
  "bbox_px": {
    "x": 239,
    "y": 141,
    "w": 66,
    "h": 99
  },
  "centroid_world_m": {
    "x": 0.25151407450244406,
    "y": 0.05349321316340785
  },
  "board_surface_depth_m": 0.3245000000000002,
  "point_count": 2048,
  "xy_span_m": {
    "x": 0.04943554848432541,
    "y": 0.07453359663486481
  },
  "z_depth_range_m": {
    "min": 0.004704738035798073,
    "max": 0.0298899058252573
  },
  "pointcloud_bounds_m": {
    "x_min": -0.013118371367454529,
    "x_max": 0.03631717711687088,
    "y_min": -0.052732665091753006,
    "y_max": 0.021800927817821503,
    "z_min": 0.004704738035798073,
    "z_max": 0.0298899058252573
  },
  "files": {
    "footprint": "cavity_footprint.png",
    "mask": "cavity_mask.png",
    "pointcloud": "cavity_pointcloud.npy",
    "debug": "cavity_debug.png"
  }
}