piece,cavity_00,cavity_01,cavity_02,cavity_03
rectangle,0.792824,0.270484,0.566937,0.449487
square,0.702939,0.383316,0.744760,0.629167
circle,0.634408,0.486080,0.701001,0.742425
triangle,0.534559,0.697262,0.606173,0.620588
