{
  "cavity_id": 2,
  "area_px": 876,
  "centroid_px": {
    "x": 259.5821917808219,
    "y": 320.3904109589041
  },
  "bbox_px": {
    "x": 239,
    "y": 272,
    "w": 66,
    "h": 66
  },
  "centroid_world_m": {
    "x": 0.2540494247645548,
    "y": -0.061140675834760315
  },
  "board_surface_depth_m": 0.3245000000000002,
  "point_count": 2048,
  "xy_span_m": {
    "x": 0.04943554848432541,
    "y": 0.04943554475903511
  },
  "z_depth_range_m": {
    "min": 0.0037050489336252213,
    "max": 0.029091203585267067
  },
  "pointcloud_bounds_m": {
    "x_min": -0.01565372198820114,
    "x_max": 0.03378182649612427,
    "y_min": -0.012632370926439762,
    "y_max": 0.03680317476391792,
    "z_min": 0.0037050489336252213,
    "z_max": 0.029091203585267067
  },
  "files": {
    "footprint": "cavity_footprint.png",
    "mask": "cavity_mask.png",
    "pointcloud": "cavity_pointcloud.npy",
    "debug": "cavity_debug.png"
  }
}