{
  "cavity_id": 2,
  "cavity_detection_mode": "opening_from_board_region",
  "footprint_source": "opening_from_board_region",
  "xy_projection_depth_mode": "board_surface_depth",
  "depth_band_mask_area_px": 0,
  "opening_mask_area_px": 2544,
  "area_px": 2544,
  "centroid_px": {
    "x": 278.5,
    "y": 296.0
  },
  "bbox_px": {
    "x": 253,
    "y": 272,
    "w": 52,
    "h": 49
  },
  "centroid_world_m": {
    "x": 0.2684373046875,
    "y": -0.042590625000000014
  },
  "board_surface_depth_m": 0.3245000000000002,
  "point_count": 2048,
  "xy_span_m": {
    "x": 0.03878789022564888,
    "y": 0.036506250500679016
  },
  "z_depth_range_m": {
    "min": 0.07301544398069382,
    "max": 0.07550009340047836
  },
  "pointcloud_bounds_m": {
    "x_min": -0.01939394511282444,
    "x_max": 0.01939394511282444,
    "y_min": -0.018253125250339508,
    "y_max": 0.018253125250339508,
    "z_min": 0.07301544398069382,
    "z_max": 0.07550009340047836
  },
  "files": {
    "footprint": "cavity_footprint.png",
    "mask": "cavity_mask.png",
    "pointcloud": "cavity_pointcloud.npy",
    "debug": "cavity_debug.png"
  }
}