{
  "cavity_id": 2,
  "area_px": 506,
  "centroid_px": {
    "x": 337.0,
    "y": 266.5
  },
  "bbox_px": {
    "x": 326,
    "y": 256,
    "w": 23,
    "h": 22
  },
  "centroid_world_m": {
    "x": 0.30312070312499995,
    "y": -0.0216552657995166
  },
  "board_surface_depth_m": 0.3795000000000002,
  "point_count": 2048,
  "xy_span_m": {
    "x": 0.01956796832382679,
    "y": 0.017398511990904808
  },
  "z_depth_range_m": {
    "min": 0.006466003134846687,
    "max": 0.020500095561146736
  },
  "pointcloud_bounds_m": {
    "x_min": -0.009783984161913395,
    "x_max": 0.009783984161913395,
    "y_min": -0.008699255995452404,
    "y_max": 0.008699255995452404,
    "z_min": 0.006466003134846687,
    "z_max": 0.020500095561146736
  },
  "files": {
    "footprint": "cavity_footprint.png",
    "mask": "cavity_mask.png",
    "pointcloud": "cavity_pointcloud.npy",
    "debug": "cavity_debug.png"
  }
}