{
  "cavity_id": 1,
  "area_px": 383,
  "centroid_px": {
    "x": 298.04699738903395,
    "y": 266.81723237597913
  },
  "bbox_px": {
    "x": 288,
    "y": 256,
    "w": 22,
    "h": 22
  },
  "centroid_world_m": {
    "x": 0.26847383322454305,
    "y": -0.021918093012151828
  },
  "board_surface_depth_m": 0.3795000000000002,
  "point_count": 2048,
  "xy_span_m": {
    "x": 0.018678516149520874,
    "y": 0.017398513853549957
  },
  "z_depth_range_m": {
    "min": 0.0032199935521930456,
    "max": 0.020500095561146736
  },
  "pointcloud_bounds_m": {
    "x_min": -0.00893633347004652,
    "x_max": 0.009742182679474354,
    "y_min": -0.008436429314315319,
    "y_max": 0.008962083607912064,
    "z_min": 0.0032199935521930456,
    "z_max": 0.020500095561146736
  },
  "files": {
    "footprint": "cavity_footprint.png",
    "mask": "cavity_mask.png",
    "pointcloud": "cavity_pointcloud.npy",
    "debug": "cavity_debug.png"
  }
}