{
  "cavity_id": 1,
  "cavity_detection_mode": "opening_from_board_region",
  "footprint_source": "opening_from_board_region",
  "xy_projection_depth_mode": "board_surface_depth",
  "depth_band_mask_area_px": 0,
  "opening_mask_area_px": 1299,
  "area_px": 1299,
  "centroid_px": {
    "x": 361.1916859122402,
    "y": 209.49422632794457
  },
  "bbox_px": {
    "x": 337,
    "y": 177,
    "w": 50,
    "h": 50
  },
  "centroid_world_m": {
    "x": 0.3313282079965358,
    "y": 0.023201070835739045
  },
  "board_surface_depth_m": 0.3245000000000002,
  "point_count": 2048,
  "xy_span_m": {
    "x": 0.037266798317432404,
    "y": 0.037266798317432404
  },
  "z_depth_range_m": {
    "min": 0.0710725411772728,
    "max": 0.07550009340047836
  },
  "pointcloud_bounds_m": {
    "x_min": -0.018398910760879517,
    "x_max": 0.018867885693907738,
    "y_min": -0.012553414329886436,
    "y_max": 0.024713382124900818,
    "z_min": 0.0710725411772728,
    "z_max": 0.07550009340047836
  },
  "files": {
    "footprint": "cavity_footprint.png",
    "mask": "cavity_mask.png",
    "pointcloud": "cavity_pointcloud.npy",
    "debug": "cavity_debug.png"
  }
}