{
  "cavity_id": 1,
  "area_px": 897,
  "centroid_px": {
    "x": 337.0,
    "y": 219.0
  },
  "bbox_px": {
    "x": 326,
    "y": 200,
    "w": 23,
    "h": 39
  },
  "centroid_world_m": {
    "x": 0.30312070312499995,
    "y": 0.017698512520371645
  },
  "board_surface_depth_m": 0.3795000000000002,
  "point_count": 2048,
  "xy_span_m": {
    "x": 0.01956796832382679,
    "y": 0.03148302435874939
  },
  "z_depth_range_m": {
    "min": 0.004410089924931526,
    "max": 0.020500095561146736
  },
  "pointcloud_bounds_m": {
    "x_min": -0.009783984161913395,
    "x_max": 0.009783984161913395,
    "y_min": -0.015741512179374695,
    "y_max": 0.015741512179374695,
    "z_min": 0.004410089924931526,
    "z_max": 0.020500095561146736
  },
  "files": {
    "footprint": "cavity_footprint.png",
    "mask": "cavity_mask.png",
    "pointcloud": "cavity_pointcloud.npy",
    "debug": "cavity_debug.png"
  }
}