{
  "cavity_id": 1,
  "area_px": 421,
  "centroid_px": {
    "x": 382.7125890736342,
    "y": 194.82185273159146
  },
  "bbox_px": {
    "x": 366,
    "y": 163,
    "w": 35,
    "h": 64
  },
  "centroid_world_m": {
    "x": 0.34769586364311167,
    "y": 0.03436009872327792
  },
  "board_surface_depth_m": 0.3245000000000002,
  "point_count": 2048,
  "xy_span_m": {
    "x": 0.025858592242002487,
    "y": 0.047914452850818634
  },
  "z_depth_range_m": {
    "min": 0.0030245427042245865,
    "max": 0.029932672157883644
  },
  "pointcloud_bounds_m": {
    "x_min": -0.012710707262158394,
    "x_max": 0.013147885911166668,
    "y_min": -0.023712443187832832,
    "y_max": 0.02420201152563095,
    "z_min": 0.0030245427042245865,
    "z_max": 0.029932672157883644
  },
  "files": {
    "footprint": "cavity_footprint.png",
    "mask": "cavity_mask.png",
    "pointcloud": "cavity_pointcloud.npy",
    "debug": "cavity_debug.png"
  }
}